{
    "accuracy": 90.0,
    "avg_precision": 0.9061904761904762,
    "avg_recall": 0.9,
    "avg_f1": 0.8975990675990676
}