{
    "accuracy": 98.33333333333333,
    "avg_precision": 0.9857142857142858,
    "avg_recall": 0.9833333333333334,
    "avg_f1": 0.9832167832167832
}