{
    "knn": {
        "accuracy": 95.0,
        "avg_precision": 0.9547619047619047,
        "avg_recall": 0.95,
        "avg_f1": 0.9497668997668998
    },
    "softmax": {
        "accuracy": 98.33333333333333,
        "avg_precision": 0.9857142857142858,
        "avg_recall": 0.9833333333333334,
        "avg_f1": 0.9832167832167832
    },
    "svm": {
        "accuracy": 90.0,
        "avg_precision": 0.9061904761904762,
        "avg_recall": 0.9,
        "avg_f1": 0.8975990675990676
    }
}