{
    "accuracy": 95.0,
    "avg_precision": 0.9547619047619047,
    "avg_recall": 0.95,
    "avg_f1": 0.9497668997668998
}